Order ID,Order Date,Ship Date,Ship Mode,Customer ID,Product ID,Quantity,Discount
ORD-001,2025-11-22,2025-11-27,First Class,CUST-804,PROD-094,5,0.1
ORD-002,2025-08-28,2025-08-29,First Class,CUST-513,PROD-040,1,0.2
ORD-003,2025-11-19,2025-11-25,Same Day,CUST-211,PROD-097,1,0
ORD-004,2025-07-18,2025-07-23,Second Class,CUST-322,PROD-019,5,0.2
ORD-005,2025-04-07,2025-04-09,Same Day,CUST-432,PROD-094,2,0
ORD-006,2025-10-16,2025-10-19,Second Class,CUST-022,PROD-083,4,0.1
ORD-007,2025-11-01,2025-11-04,First Class,CUST-258,PROD-035,2,0.2
ORD-008,2025-12-30,2026-01-04,First Class,CUST-017,PROD-089,3,0.1
ORD-009,2025-08-17,2025-08-18,Third Class,CUST-394,PROD-010,5,0.2
ORD-010,2025-03-14,2025-03-20,Third Class,CUST-393,PROD-055,3,0.2
ORD-011,2025-10-18,2025-10-20,First Class,CUST-336,PROD-059,9,0
ORD-012,2025-12-25,2025-12-29,First Class,CUST-489,PROD-055,1,0.2
ORD-013,2025-02-05,2025-02-07,First Class,CUST-637,PROD-087,1,0.2
ORD-014,2025-01-09,2025-01-13,First Class,CUST-939,PROD-019,3,0.1
ORD-015,2025-03-13,2025-03-17,Third Class,CUST-262,PROD-062,3,0.1
ORD-016,2025-03-23,2025-03-30,Second Class,CUST-132,PROD-056,8,0.1
ORD-017,2025-01-20,2025-01-24,Second Class,CUST-628,PROD-069,2,0
ORD-018,2025-11-26,2025-11-28,First Class,CUST-889,PROD-077,4,0.1
ORD-019,2025-07-22,2025-07-25,Third Class,CUST-318,PROD-008,10,0.2
ORD-020,2025-03-03,2025-03-10,Third Class,CUST-987,PROD-055,9,0
ORD-021,2025-05-01,2025-05-03,First Class,CUST-992,PROD-030,8,0.2
ORD-022,2025-01-12,2025-01-19,Same Day,CUST-474,PROD-093,8,0
ORD-023,2025-07-23,2025-07-26,Third Class,CUST-265,PROD-035,10,0
ORD-024,2025-12-29,2025-12-31,Third Class,CUST-292,PROD-096,10,0
ORD-025,2025-12-10,2025-12-14,Second Class,CUST-247,PROD-088,3,0
ORD-026,2025-11-19,2025-11-24,First Class,CUST-403,PROD-062,8,0.2
ORD-027,2025-10-09,2025-10-13,First Class,CUST-392,PROD-077,1,0.2
ORD-028,2025-01-17,2025-01-23,Third Class,CUST-888,PROD-035,10,0.1
ORD-029,2025-01-04,2025-01-05,Second Class,CUST-879,PROD-058,8,0.1
ORD-030,2025-08-26,2025-08-29,Third Class,CUST-547,PROD-075,1,0.2
ORD-031,2025-08-02,2025-08-05,Third Class,CUST-756,PROD-063,5,0.2
ORD-032,2025-01-08,2025-01-12,Second Class,CUST-398,PROD-004,1,0.1
ORD-033,2025-01-09,2025-01-13,Third Class,CUST-192,PROD-024,3,0
ORD-034,2025-04-14,2025-04-21,Same Day,CUST-214,PROD-054,10,0.1
ORD-035,2025-09-12,2025-09-17,Same Day,CUST-226,PROD-078,3,0.2
ORD-036,2025-08-15,2025-08-22,First Class,CUST-474,PROD-021,7,0
ORD-037,2025-10-24,2025-10-29,Same Day,CUST-052,PROD-089,1,0.2
ORD-038,2025-10-20,2025-10-25,Third Class,CUST-809,PROD-070,3,0.2
ORD-039,2025-12-31,2026-01-06,Second Class,CUST-327,PROD-092,2,0
ORD-040,2025-03-17,2025-03-20,Same Day,CUST-001,PROD-063,2,0
ORD-041,2025-12-02,2025-12-08,Second Class,CUST-038,PROD-057,4,0.2
ORD-042,2025-07-25,2025-07-26,Second Class,CUST-919,PROD-044,10,0.2
ORD-043,2025-12-26,2025-12-28,Third Class,CUST-579,PROD-029,3,0
ORD-044,2025-07-29,2025-08-03,Second Class,CUST-079,PROD-095,9,0.2
ORD-045,2025-03-01,2025-03-05,Same Day,CUST-269,PROD-066,6,0.2
ORD-046,2025-12-01,2025-12-05,Third Class,CUST-889,PROD-082,10,0
ORD-047,2025-06-10,2025-06-15,Second Class,CUST-286,PROD-087,8,0.2
ORD-048,2025-10-07,2025-10-13,Second Class,CUST-577,PROD-059,5,0
ORD-049,2025-10-29,2025-11-04,Second Class,CUST-655,PROD-036,7,0.2
ORD-050,2025-09-06,2025-09-12,First Class,CUST-572,PROD-033,7,0
ORD-051,2025-01-19,2025-01-23,Third Class,CUST-875,PROD-060,4,0.2
ORD-052,2025-09-17,2025-09-20,Third Class,CUST-621,PROD-049,3,0
ORD-053,2025-10-14,2025-10-18,Second Class,CUST-617,PROD-035,7,0
ORD-054,2025-10-30,2025-11-03,Second Class,CUST-850,PROD-097,10,0.2
ORD-055,2025-12-19,2025-12-21,First Class,CUST-253,PROD-021,4,0.1
ORD-056,2025-02-03,2025-02-08,Second Class,CUST-250,PROD-090,5,0.1
ORD-057,2025-12-21,2025-12-26,Same Day,CUST-795,PROD-019,10,0.2
ORD-058,2025-04-29,2025-05-01,First Class,CUST-599,PROD-045,4,0.1
ORD-059,2025-01-27,2025-02-03,Same Day,CUST-080,PROD-025,2,0.1
ORD-060,2025-12-30,2026-01-02,Second Class,CUST-623,PROD-001,6,0.2
ORD-061,2025-07-05,2025-07-12,Third Class,CUST-295,PROD-057,10,0.1
ORD-062,2025-02-12,2025-02-18,Second Class,CUST-780,PROD-066,7,0.1
ORD-063,2025-07-09,2025-07-10,First Class,CUST-515,PROD-079,9,0.1
ORD-064,2025-02-12,2025-02-13,Same Day,CUST-503,PROD-017,5,0.2
ORD-065,2025-01-18,2025-01-21,Third Class,CUST-609,PROD-008,4,0.2
ORD-066,2025-06-01,2025-06-05,Second Class,CUST-176,PROD-022,7,0.2
ORD-067,2025-10-20,2025-10-23,Third Class,CUST-907,PROD-023,9,0
ORD-068,2025-09-10,2025-09-15,First Class,CUST-988,PROD-043,3,0.1
ORD-069,2025-01-23,2025-01-29,First Class,CUST-741,PROD-098,1,0
ORD-070,2025-06-26,2025-07-01,Second Class,CUST-945,PROD-070,6,0
ORD-071,2025-12-30,2026-01-05,First Class,CUST-978,PROD-059,4,0.2
ORD-072,2025-09-22,2025-09-27,Third Class,CUST-774,PROD-059,10,0.1
ORD-073,2025-12-02,2025-12-08,Second Class,CUST-347,PROD-092,10,0.1
ORD-074,2025-09-28,2025-10-02,First Class,CUST-079,PROD-031,8,0
ORD-075,2025-04-25,2025-04-29,Third Class,CUST-561,PROD-099,6,0.1
ORD-076,2025-04-11,2025-04-13,Third Class,CUST-575,PROD-017,6,0.2
ORD-077,2025-01-28,2025-01-29,First Class,CUST-777,PROD-022,6,0.2
ORD-078,2025-02-18,2025-02-24,Second Class,CUST-716,PROD-063,2,0
ORD-079,2025-07-30,2025-08-01,Third Class,CUST-903,PROD-007,8,0
ORD-080,2025-04-23,2025-04-29,Second Class,CUST-596,PROD-082,4,0.1
ORD-081,2025-08-15,2025-08-17,Same Day,CUST-352,PROD-030,9,0.1
ORD-082,2025-07-05,2025-07-12,First Class,CUST-947,PROD-092,6,0.1
ORD-083,2025-09-22,2025-09-27,First Class,CUST-199,PROD-016,6,0.1
ORD-084,2025-04-15,2025-04-21,First Class,CUST-212,PROD-065,7,0.1
ORD-085,2025-02-12,2025-02-18,First Class,CUST-388,PROD-089,9,0.1
ORD-086,2025-12-08,2025-12-09,Third Class,CUST-838,PROD-043,4,0.2
ORD-087,2025-09-30,2025-10-03,Same Day,CUST-920,PROD-071,8,0
ORD-088,2025-11-28,2025-11-29,First Class,CUST-141,PROD-019,8,0
ORD-089,2025-09-24,2025-09-28,Second Class,CUST-682,PROD-017,4,0.2
ORD-090,2025-12-10,2025-12-14,Second Class,CUST-028,PROD-100,5,0
ORD-091,2025-04-19,2025-04-20,Second Class,CUST-534,PROD-096,2,0.2
ORD-092,2025-03-19,2025-03-20,Second Class,CUST-637,PROD-006,7,0
ORD-093,2025-09-26,2025-09-29,First Class,CUST-676,PROD-008,10,0.1
ORD-094,2025-08-25,2025-08-26,First Class,CUST-494,PROD-032,1,0
ORD-095,2025-11-24,2025-12-01,First Class,CUST-294,PROD-082,2,0.1
ORD-096,2025-05-21,2025-05-24,Third Class,CUST-752,PROD-098,6,0.2
ORD-097,2025-03-17,2025-03-19,Third Class,CUST-485,PROD-015,2,0
ORD-098,2025-08-09,2025-08-11,Same Day,CUST-893,PROD-015,3,0.1
ORD-099,2025-01-05,2025-01-06,Third Class,CUST-766,PROD-083,3,0
ORD-100,2025-02-12,2025-02-15,Second Class,CUST-005,PROD-053,4,0
ORD-101,2025-06-10,2025-06-14,Third Class,CUST-141,PROD-038,3,0.2
ORD-102,2025-10-22,2025-10-28,First Class,CUST-743,PROD-056,2,0
ORD-103,2025-06-01,2025-06-08,Same Day,CUST-715,PROD-066,1,0.2
ORD-104,2025-08-18,2025-08-21,First Class,CUST-825,PROD-030,5,0
ORD-105,2025-05-05,2025-05-12,Same Day,CUST-500,PROD-027,3,0.2
ORD-106,2025-07-19,2025-07-26,Same Day,CUST-562,PROD-082,1,0.1
ORD-107,2025-05-04,2025-05-06,Same Day,CUST-181,PROD-061,6,0.2
ORD-108,2025-07-26,2025-08-01,Third Class,CUST-973,PROD-024,6,0.2
ORD-109,2025-03-20,2025-03-26,Same Day,CUST-355,PROD-085,7,0.2
ORD-110,2025-10-29,2025-10-31,First Class,CUST-645,PROD-096,3,0
ORD-111,2025-01-28,2025-01-30,Same Day,CUST-172,PROD-032,2,0.2
ORD-112,2025-03-23,2025-03-25,Third Class,CUST-056,PROD-083,5,0
ORD-113,2025-06-30,2025-07-05,Same Day,CUST-184,PROD-047,10,0.2
ORD-114,2025-12-15,2025-12-21,Same Day,CUST-263,PROD-016,2,0
ORD-115,2025-11-13,2025-11-17,First Class,CUST-365,PROD-072,9,0.2
ORD-116,2025-08-04,2025-08-11,Second Class,CUST-206,PROD-089,1,0.2
ORD-117,2025-03-26,2025-03-31,First Class,CUST-599,PROD-016,6,0
ORD-118,2025-04-06,2025-04-09,Same Day,CUST-901,PROD-007,6,0.1
ORD-119,2025-11-27,2025-11-29,Same Day,CUST-425,PROD-015,6,0.1
ORD-120,2025-06-13,2025-06-20,First Class,CUST-243,PROD-028,3,0.2
ORD-121,2025-06-24,2025-06-29,Third Class,CUST-124,PROD-083,9,0.1
ORD-122,2025-03-17,2025-03-18,Second Class,CUST-986,PROD-093,6,0.2
ORD-123,2025-04-08,2025-04-12,Second Class,CUST-144,PROD-066,2,0.1
ORD-124,2025-05-10,2025-05-14,Same Day,CUST-835,PROD-006,6,0.1
ORD-125,2025-10-18,2025-10-25,Third Class,CUST-327,PROD-023,5,0.2
ORD-126,2025-08-26,2025-08-28,Third Class,CUST-135,PROD-075,1,0.2
ORD-127,2025-10-07,2025-10-14,Same Day,CUST-498,PROD-008,8,0.2
ORD-128,2025-08-01,2025-08-03,Third Class,CUST-666,PROD-097,9,0
ORD-129,2025-01-23,2025-01-30,First Class,CUST-415,PROD-092,9,0
ORD-130,2025-09-18,2025-09-19,Same Day,CUST-084,PROD-097,9,0
ORD-131,2025-04-25,2025-04-27,Third Class,CUST-121,PROD-077,6,0.1
ORD-132,2025-02-06,2025-02-13,First Class,CUST-760,PROD-019,2,0.1
ORD-133,2025-09-20,2025-09-25,Third Class,CUST-333,PROD-010,4,0
ORD-134,2025-10-26,2025-11-02,Same Day,CUST-702,PROD-049,3,0.1
ORD-135,2025-09-22,2025-09-27,Second Class,CUST-136,PROD-077,5,0
ORD-136,2025-06-19,2025-06-22,Same Day,CUST-641,PROD-014,10,0.2
ORD-137,2025-11-24,2025-11-29,First Class,CUST-694,PROD-095,3,0.1
ORD-138,2025-04-05,2025-04-10,Third Class,CUST-698,PROD-034,6,0.1
ORD-139,2025-07-10,2025-07-17,Same Day,CUST-372,PROD-091,9,0.1
ORD-140,2025-03-31,2025-04-01,Third Class,CUST-148,PROD-059,7,0.2
ORD-141,2025-07-31,2025-08-01,First Class,CUST-212,PROD-091,2,0.2
ORD-142,2025-01-24,2025-01-29,Second Class,CUST-066,PROD-098,2,0.2
ORD-143,2025-07-21,2025-07-23,Second Class,CUST-055,PROD-073,9,0.1
ORD-144,2025-03-30,2025-04-06,First Class,CUST-827,PROD-021,7,0
ORD-145,2025-09-29,2025-10-01,Same Day,CUST-163,PROD-051,4,0
ORD-146,2025-12-19,2025-12-25,First Class,CUST-786,PROD-011,9,0
ORD-147,2025-08-09,2025-08-13,Second Class,CUST-436,PROD-070,3,0.1
ORD-148,2025-03-23,2025-03-30,Third Class,CUST-637,PROD-094,10,0.1
ORD-149,2025-05-25,2025-05-31,First Class,CUST-702,PROD-079,5,0.1
ORD-150,2025-12-20,2025-12-24,Same Day,CUST-227,PROD-030,1,0.2
ORD-151,2025-01-20,2025-01-25,Third Class,CUST-841,PROD-042,3,0.1
ORD-152,2025-07-01,2025-07-06,First Class,CUST-698,PROD-059,8,0.1
ORD-153,2025-12-05,2025-12-09,Same Day,CUST-963,PROD-078,10,0.1
ORD-154,2025-10-15,2025-10-16,Third Class,CUST-202,PROD-074,9,0.1
ORD-155,2025-01-20,2025-01-24,Same Day,CUST-834,PROD-072,6,0.2
ORD-156,2025-09-27,2025-09-29,First Class,CUST-375,PROD-081,2,0.1
ORD-157,2025-09-22,2025-09-28,Same Day,CUST-239,PROD-068,7,0
ORD-158,2025-05-01,2025-05-05,Same Day,CUST-022,PROD-049,3,0.2
ORD-159,2025-10-12,2025-10-13,Same Day,CUST-611,PROD-041,9,0
ORD-160,2025-12-18,2025-12-22,Second Class,CUST-087,PROD-081,1,0
ORD-161,2025-11-18,2025-11-25,Same Day,CUST-629,PROD-073,3,0.2
ORD-162,2025-11-09,2025-11-12,Third Class,CUST-736,PROD-071,10,0
ORD-163,2025-09-05,2025-09-06,Third Class,CUST-557,PROD-036,4,0.1
ORD-164,2025-02-02,2025-02-04,Same Day,CUST-379,PROD-021,5,0.1
ORD-165,2025-10-03,2025-10-10,Third Class,CUST-132,PROD-054,4,0.2
ORD-166,2025-11-08,2025-11-11,Third Class,CUST-593,PROD-033,3,0.2
ORD-167,2025-08-27,2025-08-29,Second Class,CUST-863,PROD-082,9,0.2
ORD-168,2025-04-01,2025-04-07,Same Day,CUST-758,PROD-062,1,0.2
ORD-169,2025-08-08,2025-08-10,Third Class,CUST-095,PROD-085,9,0.2
ORD-170,2025-01-28,2025-02-03,Second Class,CUST-682,PROD-023,2,0.1
ORD-171,2025-09-27,2025-09-28,First Class,CUST-322,PROD-035,2,0
ORD-172,2025-09-10,2025-09-13,Second Class,CUST-890,PROD-048,1,0.2
ORD-173,2025-07-16,2025-07-22,Second Class,CUST-521,PROD-067,2,0.2
ORD-174,2025-04-17,2025-04-22,Third Class,CUST-832,PROD-084,9,0.2
ORD-175,2025-08-31,2025-09-01,Third Class,CUST-741,PROD-090,5,0
ORD-176,2025-08-13,2025-08-18,First Class,CUST-486,PROD-058,5,0
ORD-177,2025-04-23,2025-04-25,First Class,CUST-997,PROD-017,4,0.2
ORD-178,2025-08-18,2025-08-21,First Class,CUST-812,PROD-051,8,0.1
ORD-179,2025-01-26,2025-01-30,Third Class,CUST-810,PROD-068,2,0.2
ORD-180,2025-11-19,2025-11-24,First Class,CUST-154,PROD-057,4,0
ORD-181,2025-02-21,2025-02-27,Third Class,CUST-671,PROD-012,5,0
ORD-182,2025-09-26,2025-10-01,Third Class,CUST-888,PROD-100,2,0
ORD-183,2025-11-07,2025-11-09,Third Class,CUST-906,PROD-049,8,0.1
ORD-184,2025-08-31,2025-09-07,First Class,CUST-053,PROD-010,4,0.2
ORD-185,2025-09-22,2025-09-23,First Class,CUST-473,PROD-059,10,0.1
ORD-186,2025-02-27,2025-02-28,Same Day,CUST-174,PROD-089,8,0.1
ORD-187,2025-08-19,2025-08-22,First Class,CUST-695,PROD-052,5,0.1
ORD-188,2025-04-26,2025-04-27,Third Class,CUST-240,PROD-038,3,0.2
ORD-189,2025-08-10,2025-08-14,Second Class,CUST-286,PROD-087,9,0.2
ORD-190,2025-03-21,2025-03-25,Same Day,CUST-419,PROD-055,2,0.1
ORD-191,2025-04-21,2025-04-27,Second Class,CUST-691,PROD-053,1,0.2
ORD-192,2025-04-06,2025-04-11,First Class,CUST-495,PROD-079,1,0.1
ORD-193,2025-07-30,2025-08-01,Second Class,CUST-314,PROD-051,9,0.1
ORD-194,2025-01-25,2025-01-28,Same Day,CUST-847,PROD-079,9,0.2
ORD-195,2025-01-11,2025-01-15,Third Class,CUST-138,PROD-062,6,0.2
ORD-196,2025-09-03,2025-09-04,Same Day,CUST-310,PROD-078,4,0
ORD-197,2025-09-09,2025-09-15,First Class,CUST-888,PROD-039,7,0
ORD-198,2025-05-08,2025-05-10,Third Class,CUST-367,PROD-045,3,0
ORD-199,2025-12-27,2026-01-03,Same Day,CUST-484,PROD-060,1,0.2
ORD-200,2025-03-29,2025-04-05,First Class,CUST-466,PROD-056,7,0.2
ORD-201,2025-12-06,2025-12-07,Second Class,CUST-223,PROD-040,5,0
ORD-202,2025-02-19,2025-02-23,Second Class,CUST-305,PROD-062,5,0.1
ORD-203,2025-04-24,2025-04-28,Same Day,CUST-138,PROD-049,8,0
ORD-204,2025-05-04,2025-05-09,Third Class,CUST-821,PROD-086,8,0
ORD-205,2025-10-07,2025-10-14,Second Class,CUST-173,PROD-076,2,0.1
ORD-206,2025-10-22,2025-10-29,Second Class,CUST-918,PROD-011,5,0.1
ORD-207,2025-02-03,2025-02-07,First Class,CUST-906,PROD-019,1,0.2
ORD-208,2025-12-14,2025-12-17,Same Day,CUST-817,PROD-069,1,0.2
ORD-209,2025-06-03,2025-06-10,Same Day,CUST-770,PROD-015,1,0.2
ORD-210,2025-05-21,2025-05-22,Third Class,CUST-675,PROD-066,8,0.1
ORD-211,2025-09-07,2025-09-10,Third Class,CUST-639,PROD-017,6,0.1
ORD-212,2025-10-20,2025-10-23,Same Day,CUST-212,PROD-053,10,0.1
ORD-213,2025-01-17,2025-01-19,Second Class,CUST-729,PROD-080,8,0.1
ORD-214,2025-10-01,2025-10-02,Third Class,CUST-901,PROD-070,3,0
ORD-215,2025-05-10,2025-05-15,First Class,CUST-737,PROD-008,8,0.2
ORD-216,2025-11-22,2025-11-26,First Class,CUST-614,PROD-094,6,0.2
ORD-217,2025-12-29,2026-01-05,Same Day,CUST-458,PROD-039,2,0
ORD-218,2025-12-16,2025-12-23,First Class,CUST-793,PROD-027,10,0.1
ORD-219,2025-09-12,2025-09-14,Third Class,CUST-578,PROD-013,8,0.1
ORD-220,2025-06-06,2025-06-09,Same Day,CUST-445,PROD-049,1,0.1
ORD-221,2025-05-11,2025-05-14,First Class,CUST-784,PROD-083,2,0.1
ORD-222,2025-03-10,2025-03-14,Third Class,CUST-960,PROD-028,9,0.1
ORD-223,2025-03-12,2025-03-17,Second Class,CUST-127,PROD-075,6,0.2
ORD-224,2025-10-27,2025-11-02,Third Class,CUST-124,PROD-004,3,0.1
ORD-225,2025-07-19,2025-07-26,Same Day,CUST-946,PROD-014,6,0
ORD-226,2025-08-31,2025-09-04,Same Day,CUST-789,PROD-041,4,0
ORD-227,2025-10-07,2025-10-11,Third Class,CUST-374,PROD-083,6,0
ORD-228,2025-02-26,2025-03-02,Third Class,CUST-749,PROD-021,3,0.2
ORD-229,2025-08-16,2025-08-22,Third Class,CUST-767,PROD-022,10,0.2
ORD-230,2025-12-24,2025-12-29,Same Day,CUST-002,PROD-019,5,0.2
ORD-231,2025-06-17,2025-06-18,Second Class,CUST-038,PROD-078,2,0.2
ORD-232,2025-07-13,2025-07-14,Same Day,CUST-625,PROD-098,6,0
ORD-233,2025-08-09,2025-08-11,Second Class,CUST-079,PROD-057,6,0.2
ORD-234,2025-08-15,2025-08-22,First Class,CUST-461,PROD-041,1,0.1
ORD-235,2025-06-09,2025-06-13,Third Class,CUST-146,PROD-086,5,0
ORD-236,2025-03-29,2025-04-02,Second Class,CUST-910,PROD-035,4,0.1
ORD-237,2025-01-11,2025-01-16,First Class,CUST-815,PROD-011,9,0.1
ORD-238,2025-09-26,2025-09-27,Second Class,CUST-781,PROD-090,4,0
ORD-239,2025-11-03,2025-11-10,Second Class,CUST-278,PROD-010,5,0.1
ORD-240,2025-11-22,2025-11-28,Same Day,CUST-324,PROD-088,1,0
ORD-241,2025-03-11,2025-03-15,Same Day,CUST-521,PROD-004,9,0
ORD-242,2025-12-14,2025-12-16,First Class,CUST-501,PROD-030,8,0.1
ORD-243,2025-08-15,2025-08-21,Third Class,CUST-210,PROD-055,10,0
ORD-244,2025-05-29,2025-06-04,First Class,CUST-180,PROD-021,9,0.1
ORD-245,2025-06-24,2025-06-28,Second Class,CUST-729,PROD-062,6,0.2
ORD-246,2025-06-07,2025-06-08,Second Class,CUST-642,PROD-026,6,0.1
ORD-247,2025-12-05,2025-12-07,Third Class,CUST-974,PROD-029,6,0
ORD-248,2025-02-24,2025-02-26,Second Class,CUST-816,PROD-001,2,0
ORD-249,2025-02-27,2025-03-06,Same Day,CUST-433,PROD-071,8,0.1
ORD-250,2025-11-09,2025-11-15,First Class,CUST-157,PROD-035,1,0.1
ORD-251,2025-08-11,2025-08-18,Same Day,CUST-473,PROD-085,6,0.2
ORD-252,2025-02-16,2025-02-20,Second Class,CUST-460,PROD-032,9,0.2
ORD-253,2025-09-13,2025-09-16,Third Class,CUST-491,PROD-010,3,0.1
ORD-254,2025-10-30,2025-10-31,Same Day,CUST-488,PROD-087,2,0.1
ORD-255,2025-04-20,2025-04-25,First Class,CUST-404,PROD-092,6,0.2
ORD-256,2025-02-27,2025-03-06,First Class,CUST-159,PROD-048,1,0
ORD-257,2025-05-06,2025-05-09,Second Class,CUST-222,PROD-050,4,0.2
ORD-258,2025-05-04,2025-05-07,Third Class,CUST-549,PROD-060,3,0
ORD-259,2025-07-01,2025-07-04,Second Class,CUST-176,PROD-010,3,0.1
ORD-260,2025-04-26,2025-04-29,Same Day,CUST-960,PROD-039,10,0.2
ORD-261,2025-06-27,2025-07-04,Third Class,CUST-841,PROD-080,6,0.1
ORD-262,2025-09-10,2025-09-14,Third Class,CUST-727,PROD-099,1,0
ORD-263,2025-09-30,2025-10-03,First Class,CUST-878,PROD-016,7,0.1
ORD-264,2025-03-25,2025-03-26,Third Class,CUST-928,PROD-068,4,0.1
ORD-265,2025-11-25,2025-12-02,Same Day,CUST-970,PROD-030,8,0.1
ORD-266,2025-10-24,2025-10-29,Third Class,CUST-728,PROD-046,1,0.2
ORD-267,2025-03-31,2025-04-01,Third Class,CUST-599,PROD-009,10,0.1
ORD-268,2025-01-24,2025-01-29,First Class,CUST-286,PROD-062,3,0.1
ORD-269,2025-01-07,2025-01-12,First Class,CUST-978,PROD-055,9,0.2
ORD-270,2025-07-06,2025-07-07,Third Class,CUST-168,PROD-068,10,0
ORD-271,2025-04-01,2025-04-07,First Class,CUST-697,PROD-010,7,0.1
ORD-272,2025-01-11,2025-01-18,Third Class,CUST-083,PROD-084,6,0
ORD-273,2025-02-12,2025-02-13,Third Class,CUST-057,PROD-025,3,0
ORD-274,2025-08-11,2025-08-14,Third Class,CUST-449,PROD-086,8,0
ORD-275,2025-10-08,2025-10-15,Same Day,CUST-687,PROD-021,4,0
ORD-276,2025-03-27,2025-04-03,First Class,CUST-823,PROD-098,10,0.1
ORD-277,2025-03-18,2025-03-25,Same Day,CUST-366,PROD-097,9,0.2
ORD-278,2025-07-02,2025-07-07,Second Class,CUST-568,PROD-054,8,0.2
ORD-279,2025-07-06,2025-07-08,Second Class,CUST-778,PROD-076,3,0.1
ORD-280,2025-11-17,2025-11-24,Same Day,CUST-254,PROD-028,6,0
ORD-281,2025-04-07,2025-04-09,Same Day,CUST-300,PROD-032,2,0.2
ORD-282,2025-02-12,2025-02-19,Third Class,CUST-101,PROD-070,1,0
ORD-283,2025-06-12,2025-06-13,Third Class,CUST-944,PROD-028,5,0.2
ORD-284,2025-03-06,2025-03-10,Third Class,CUST-556,PROD-097,1,0
ORD-285,2025-01-12,2025-01-13,Same Day,CUST-732,PROD-045,9,0.1
ORD-286,2025-04-11,2025-04-16,Same Day,CUST-556,PROD-003,10,0.2
ORD-287,2025-03-08,2025-03-10,Same Day,CUST-207,PROD-053,9,0
ORD-288,2025-10-29,2025-11-01,First Class,CUST-358,PROD-020,6,0.1
ORD-289,2025-02-22,2025-02-28,Second Class,CUST-519,PROD-092,10,0.1
ORD-290,2025-04-16,2025-04-23,Same Day,CUST-067,PROD-022,1,0
ORD-291,2025-04-11,2025-04-16,Third Class,CUST-824,PROD-023,9,0.1
ORD-292,2025-11-06,2025-11-08,Same Day,CUST-143,PROD-021,3,0.2
ORD-293,2025-04-09,2025-04-12,Same Day,CUST-733,PROD-086,2,0.1
ORD-294,2025-04-27,2025-04-30,Third Class,CUST-734,PROD-042,6,0.1
ORD-295,2025-11-17,2025-11-23,Third Class,CUST-861,PROD-021,6,0.1
ORD-296,2025-02-22,2025-03-01,Third Class,CUST-438,PROD-018,10,0
ORD-297,2025-04-27,2025-05-02,Third Class,CUST-320,PROD-087,6,0.2
ORD-298,2025-07-13,2025-07-16,First Class,CUST-384,PROD-003,4,0.2
ORD-299,2025-01-19,2025-01-22,Second Class,CUST-951,PROD-044,2,0.1
ORD-300,2025-01-03,2025-01-05,Third Class,CUST-437,PROD-029,6,0
ORD-301,2025-07-24,2025-07-31,First Class,CUST-972,PROD-037,6,0.2
ORD-302,2025-04-24,2025-05-01,First Class,CUST-001,PROD-030,2,0.2
ORD-303,2025-09-07,2025-09-10,Third Class,CUST-283,PROD-025,3,0.2
ORD-304,2025-12-20,2025-12-22,First Class,CUST-658,PROD-092,6,0.1
ORD-305,2025-12-01,2025-12-06,Same Day,CUST-278,PROD-096,7,0.2
ORD-306,2025-09-20,2025-09-21,First Class,CUST-645,PROD-065,6,0.1
ORD-307,2025-03-10,2025-03-13,Same Day,CUST-846,PROD-092,10,0.2
ORD-308,2025-05-23,2025-05-29,Second Class,CUST-791,PROD-017,2,0.2
ORD-309,2025-11-05,2025-11-08,First Class,CUST-596,PROD-005,8,0.1
ORD-310,2025-06-12,2025-06-17,Second Class,CUST-285,PROD-069,4,0.1
ORD-311,2025-09-18,2025-09-24,Third Class,CUST-070,PROD-011,4,0.2
ORD-312,2025-03-09,2025-03-12,Second Class,CUST-347,PROD-076,8,0
ORD-313,2025-08-12,2025-08-16,Third Class,CUST-786,PROD-049,8,0
ORD-314,2025-02-23,2025-03-01,First Class,CUST-067,PROD-086,9,0.1
ORD-315,2025-09-19,2025-09-26,Second Class,CUST-841,PROD-037,5,0
ORD-316,2025-08-29,2025-09-04,First Class,CUST-413,PROD-013,4,0.2
ORD-317,2025-05-28,2025-05-29,Third Class,CUST-714,PROD-020,4,0.2
ORD-318,2025-06-13,2025-06-20,Third Class,CUST-040,PROD-073,1,0.2
ORD-319,2025-12-04,2025-12-07,First Class,CUST-133,PROD-017,3,0.2
ORD-320,2025-06-08,2025-06-14,Third Class,CUST-919,PROD-021,2,0.1
ORD-321,2025-08-23,2025-08-30,Same Day,CUST-195,PROD-012,5,0
ORD-322,2025-11-03,2025-11-06,Third Class,CUST-140,PROD-009,5,0.2
ORD-323,2025-07-24,2025-07-27,Second Class,CUST-917,PROD-096,9,0
ORD-324,2025-08-01,2025-08-08,Second Class,CUST-072,PROD-059,10,0
ORD-325,2025-03-11,2025-03-13,First Class,CUST-219,PROD-012,8,0
ORD-326,2025-01-01,2025-01-05,Third Class,CUST-176,PROD-080,8,0.1
ORD-327,2025-03-11,2025-03-14,Same Day,CUST-567,PROD-069,7,0.1
ORD-328,2025-06-01,2025-06-03,Second Class,CUST-220,PROD-090,1,0.2
ORD-329,2025-02-11,2025-02-12,Second Class,CUST-1000,PROD-011,4,0
ORD-330,2025-05-18,2025-05-21,Third Class,CUST-719,PROD-034,4,0.2
ORD-331,2025-10-28,2025-10-31,Same Day,CUST-449,PROD-058,9,0
ORD-332,2025-09-11,2025-09-15,Same Day,CUST-704,PROD-037,5,0
ORD-333,2025-09-23,2025-09-25,Third Class,CUST-613,PROD-019,7,0.2
ORD-334,2025-12-14,2025-12-17,First Class,CUST-013,PROD-082,6,0.2
ORD-335,2025-08-10,2025-08-14,Third Class,CUST-961,PROD-064,7,0
ORD-336,2025-10-28,2025-11-03,Second Class,CUST-764,PROD-064,5,0.2
ORD-337,2025-12-04,2025-12-08,First Class,CUST-878,PROD-059,4,0
ORD-338,2025-02-06,2025-02-09,Third Class,CUST-354,PROD-092,9,0.2
ORD-339,2025-02-03,2025-02-09,Third Class,CUST-757,PROD-089,3,0.2
ORD-340,2025-04-25,2025-04-30,Second Class,CUST-885,PROD-025,8,0.1
ORD-341,2025-03-16,2025-03-22,Second Class,CUST-993,PROD-095,5,0.2
ORD-342,2025-07-29,2025-07-31,First Class,CUST-905,PROD-085,3,0
ORD-343,2025-09-13,2025-09-20,First Class,CUST-673,PROD-062,8,0
ORD-344,2025-08-09,2025-08-12,First Class,CUST-257,PROD-015,9,0.2
ORD-345,2025-11-01,2025-11-07,First Class,CUST-827,PROD-026,2,0.1
ORD-346,2025-02-09,2025-02-14,First Class,CUST-374,PROD-089,3,0.1
ORD-347,2025-01-26,2025-02-01,Same Day,CUST-722,PROD-080,9,0
ORD-348,2025-01-11,2025-01-17,Third Class,CUST-159,PROD-055,4,0.1
ORD-349,2025-10-28,2025-11-03,Third Class,CUST-303,PROD-003,7,0.1
ORD-350,2025-11-05,2025-11-07,First Class,CUST-804,PROD-007,9,0
ORD-351,2025-06-28,2025-07-04,First Class,CUST-942,PROD-027,1,0
ORD-352,2025-10-08,2025-10-12,Same Day,CUST-201,PROD-060,5,0
ORD-353,2025-09-27,2025-10-02,Same Day,CUST-351,PROD-030,5,0.2
ORD-354,2025-08-17,2025-08-18,Third Class,CUST-339,PROD-056,5,0.1
ORD-355,2025-02-09,2025-02-16,First Class,CUST-643,PROD-047,6,0.2
ORD-356,2025-10-14,2025-10-17,Second Class,CUST-713,PROD-069,4,0.2
ORD-357,2025-08-26,2025-08-29,Second Class,CUST-493,PROD-093,5,0.2
ORD-358,2025-03-22,2025-03-27,Third Class,CUST-147,PROD-041,6,0.2
ORD-359,2025-11-24,2025-12-01,Third Class,CUST-344,PROD-050,2,0.1
ORD-360,2025-09-28,2025-10-01,Second Class,CUST-467,PROD-002,3,0.1
ORD-361,2025-02-14,2025-02-21,Third Class,CUST-469,PROD-098,10,0
ORD-362,2025-11-21,2025-11-25,Same Day,CUST-188,PROD-062,5,0.1
ORD-363,2025-10-24,2025-10-28,Second Class,CUST-768,PROD-018,2,0.1
ORD-364,2025-10-20,2025-10-25,Same Day,CUST-723,PROD-034,2,0.1
ORD-365,2025-06-11,2025-06-12,First Class,CUST-989,PROD-001,9,0.2
ORD-366,2025-02-26,2025-03-02,Third Class,CUST-557,PROD-041,2,0.2
ORD-367,2025-08-29,2025-08-30,Third Class,CUST-908,PROD-054,1,0.2
ORD-368,2025-04-28,2025-04-29,Same Day,CUST-079,PROD-029,1,0.2
ORD-369,2025-03-27,2025-03-31,Same Day,CUST-479,PROD-034,6,0.1
ORD-370,2025-11-19,2025-11-24,Second Class,CUST-258,PROD-080,7,0.2
ORD-371,2025-03-10,2025-03-17,Same Day,CUST-698,PROD-095,3,0
ORD-372,2025-06-16,2025-06-23,Second Class,CUST-766,PROD-034,8,0.1
ORD-373,2025-12-25,2025-12-26,Same Day,CUST-249,PROD-086,5,0
ORD-374,2025-07-01,2025-07-07,First Class,CUST-770,PROD-083,2,0.1
ORD-375,2025-01-06,2025-01-12,Same Day,CUST-436,PROD-094,4,0.1
ORD-376,2025-01-13,2025-01-17,Third Class,CUST-476,PROD-076,9,0.2
ORD-377,2025-01-08,2025-01-13,Same Day,CUST-163,PROD-087,9,0.1
ORD-378,2025-03-11,2025-03-16,Same Day,CUST-145,PROD-098,1,0
ORD-379,2025-12-03,2025-12-09,First Class,CUST-621,PROD-095,9,0
ORD-380,2025-12-30,2026-01-04,Third Class,CUST-732,PROD-062,1,0.1
ORD-381,2025-07-30,2025-08-03,Same Day,CUST-997,PROD-067,2,0.2
ORD-382,2025-04-19,2025-04-25,Second Class,CUST-910,PROD-029,2,0.2
ORD-383,2025-05-21,2025-05-27,Second Class,CUST-921,PROD-091,3,0.2
ORD-384,2025-08-03,2025-08-09,First Class,CUST-125,PROD-037,3,0
ORD-385,2025-10-05,2025-10-07,Second Class,CUST-962,PROD-078,2,0.1
ORD-386,2025-06-24,2025-06-30,Third Class,CUST-260,PROD-005,1,0.1
ORD-387,2025-02-02,2025-02-03,First Class,CUST-916,PROD-050,2,0
ORD-388,2025-02-22,2025-02-23,Same Day,CUST-722,PROD-065,8,0.2
ORD-389,2025-06-12,2025-06-13,Same Day,CUST-106,PROD-007,9,0.1
ORD-390,2025-07-04,2025-07-09,Third Class,CUST-267,PROD-015,6,0.1
ORD-391,2025-09-17,2025-09-22,Second Class,CUST-242,PROD-027,7,0.1
ORD-392,2025-12-06,2025-12-08,First Class,CUST-021,PROD-097,6,0
ORD-393,2025-01-08,2025-01-15,Third Class,CUST-128,PROD-005,5,0.2
ORD-394,2025-02-21,2025-02-22,Second Class,CUST-057,PROD-004,10,0.1
ORD-395,2025-04-26,2025-04-28,Second Class,CUST-839,PROD-040,1,0.2
ORD-396,2025-12-11,2025-12-15,Second Class,CUST-200,PROD-092,3,0.2
ORD-397,2025-04-08,2025-04-12,First Class,CUST-038,PROD-088,8,0.2
ORD-398,2025-03-29,2025-04-01,Third Class,CUST-404,PROD-004,4,0
ORD-399,2025-12-06,2025-12-13,Same Day,CUST-059,PROD-057,5,0.2
ORD-400,2025-01-22,2025-01-23,Third Class,CUST-338,PROD-096,10,0.2
ORD-401,2025-07-25,2025-07-31,Second Class,CUST-315,PROD-081,10,0.2
ORD-402,2025-05-17,2025-05-18,Third Class,CUST-730,PROD-054,3,0
ORD-403,2025-01-07,2025-01-11,Second Class,CUST-523,PROD-055,1,0
ORD-404,2025-11-30,2025-12-03,Third Class,CUST-548,PROD-018,1,0.1
ORD-405,2025-03-07,2025-03-11,Same Day,CUST-862,PROD-013,3,0
ORD-406,2025-01-04,2025-01-05,First Class,CUST-199,PROD-054,8,0.2
ORD-407,2025-02-20,2025-02-22,Second Class,CUST-775,PROD-003,7,0
ORD-408,2025-11-13,2025-11-16,Second Class,CUST-904,PROD-004,7,0.2
ORD-409,2025-09-01,2025-09-04,First Class,CUST-501,PROD-090,4,0.2
ORD-410,2025-02-18,2025-02-23,First Class,CUST-691,PROD-089,7,0.1
ORD-411,2025-03-11,2025-03-17,Third Class,CUST-006,PROD-032,2,0.1
ORD-412,2025-01-01,2025-01-04,First Class,CUST-475,PROD-057,8,0.1
ORD-413,2025-04-15,2025-04-19,Second Class,CUST-766,PROD-033,6,0.1
ORD-414,2025-08-16,2025-08-18,Same Day,CUST-232,PROD-073,4,0
ORD-415,2025-11-12,2025-11-17,First Class,CUST-303,PROD-011,7,0
ORD-416,2025-08-08,2025-08-09,First Class,CUST-680,PROD-004,6,0.2
ORD-417,2025-01-27,2025-02-02,Second Class,CUST-049,PROD-013,4,0.2
ORD-418,2025-05-23,2025-05-30,Same Day,CUST-715,PROD-013,3,0.2
ORD-419,2025-06-16,2025-06-19,Third Class,CUST-852,PROD-095,1,0.2
ORD-420,2025-05-02,2025-05-06,Third Class,CUST-051,PROD-096,7,0.2
ORD-421,2025-05-13,2025-05-14,First Class,CUST-529,PROD-086,4,0
ORD-422,2025-08-19,2025-08-26,Second Class,CUST-117,PROD-014,6,0.2
ORD-423,2025-12-18,2025-12-21,Second Class,CUST-185,PROD-032,2,0
ORD-424,2025-05-12,2025-05-18,First Class,CUST-930,PROD-055,8,0.1
ORD-425,2025-03-11,2025-03-15,Third Class,CUST-342,PROD-030,10,0.1
ORD-426,2025-03-22,2025-03-26,Second Class,CUST-109,PROD-022,4,0.1
ORD-427,2025-02-12,2025-02-14,Same Day,CUST-144,PROD-052,4,0.1
ORD-428,2025-10-28,2025-11-02,Same Day,CUST-183,PROD-080,6,0
ORD-429,2025-11-23,2025-11-30,Same Day,CUST-354,PROD-030,4,0.1
ORD-430,2025-10-09,2025-10-13,Third Class,CUST-270,PROD-003,9,0.1
ORD-431,2025-05-19,2025-05-24,Same Day,CUST-428,PROD-086,7,0.1
ORD-432,2025-10-03,2025-10-10,Second Class,CUST-277,PROD-015,6,0.1
ORD-433,2025-08-16,2025-08-19,Third Class,CUST-148,PROD-077,4,0.1
ORD-434,2025-09-22,2025-09-24,First Class,CUST-874,PROD-016,2,0.1
ORD-435,2025-07-16,2025-07-17,Third Class,CUST-618,PROD-045,6,0
ORD-436,2025-10-27,2025-11-02,Same Day,CUST-277,PROD-043,2,0
ORD-437,2025-09-11,2025-09-15,First Class,CUST-190,PROD-056,10,0
ORD-438,2025-12-16,2025-12-18,First Class,CUST-284,PROD-087,6,0.2
ORD-439,2025-11-23,2025-11-29,Second Class,CUST-476,PROD-049,10,0
ORD-440,2025-08-28,2025-09-04,Second Class,CUST-156,PROD-095,8,0
ORD-441,2025-02-22,2025-02-25,First Class,CUST-618,PROD-062,9,0.1
ORD-442,2025-01-28,2025-01-29,Third Class,CUST-089,PROD-037,9,0.1
ORD-443,2025-01-24,2025-01-30,Third Class,CUST-171,PROD-030,10,0.2
ORD-444,2025-09-23,2025-09-26,Same Day,CUST-217,PROD-046,6,0
ORD-445,2025-02-13,2025-02-16,Same Day,CUST-162,PROD-020,5,0.2
ORD-446,2025-03-04,2025-03-11,Second Class,CUST-233,PROD-082,4,0.1
ORD-447,2025-10-05,2025-10-06,Third Class,CUST-230,PROD-098,1,0
ORD-448,2025-02-12,2025-02-16,Third Class,CUST-255,PROD-056,8,0
ORD-449,2025-07-28,2025-08-03,Third Class,CUST-724,PROD-042,9,0.2
ORD-450,2025-03-04,2025-03-08,Second Class,CUST-564,PROD-051,9,0
ORD-451,2025-04-10,2025-04-11,Third Class,CUST-651,PROD-057,8,0.1
ORD-452,2025-07-22,2025-07-24,First Class,CUST-948,PROD-076,8,0.2
ORD-453,2025-07-31,2025-08-04,Same Day,CUST-737,PROD-059,6,0.1
ORD-454,2025-06-05,2025-06-06,Second Class,CUST-492,PROD-064,4,0
ORD-455,2025-11-03,2025-11-08,Third Class,CUST-233,PROD-068,7,0.1
ORD-456,2025-05-07,2025-05-09,First Class,CUST-818,PROD-001,5,0
ORD-457,2025-09-29,2025-10-06,Third Class,CUST-244,PROD-011,2,0.1
ORD-458,2025-08-14,2025-08-15,First Class,CUST-842,PROD-015,8,0
ORD-459,2025-09-05,2025-09-09,Same Day,CUST-304,PROD-082,7,0.1
ORD-460,2025-02-12,2025-02-15,First Class,CUST-484,PROD-014,4,0.2
ORD-461,2025-05-12,2025-05-14,Second Class,CUST-815,PROD-015,4,0.1
ORD-462,2025-05-23,2025-05-29,First Class,CUST-118,PROD-037,10,0.2
ORD-463,2025-09-23,2025-09-25,Third Class,CUST-833,PROD-004,1,0
ORD-464,2025-12-29,2026-01-04,Second Class,CUST-159,PROD-069,6,0
ORD-465,2025-07-02,2025-07-09,First Class,CUST-240,PROD-068,6,0
ORD-466,2025-08-01,2025-08-02,Second Class,CUST-044,PROD-033,10,0.2
ORD-467,2025-03-29,2025-04-01,Second Class,CUST-307,PROD-039,2,0.2
ORD-468,2025-03-25,2025-03-31,First Class,CUST-622,PROD-085,3,0.2
ORD-469,2025-08-24,2025-08-30,First Class,CUST-426,PROD-036,4,0.2
ORD-470,2025-08-20,2025-08-25,Second Class,CUST-326,PROD-032,10,0.1
ORD-471,2025-07-13,2025-07-15,Same Day,CUST-229,PROD-006,2,0.2
ORD-472,2025-03-04,2025-03-05,Same Day,CUST-713,PROD-057,5,0.2
ORD-473,2025-05-24,2025-05-25,Same Day,CUST-433,PROD-052,6,0
ORD-474,2025-04-02,2025-04-08,Same Day,CUST-229,PROD-027,6,0.1
ORD-475,2025-02-28,2025-03-06,Third Class,CUST-315,PROD-063,7,0
ORD-476,2025-01-02,2025-01-03,Third Class,CUST-283,PROD-070,10,0
ORD-477,2025-10-21,2025-10-23,Third Class,CUST-434,PROD-060,10,0.1
ORD-478,2025-01-19,2025-01-23,First Class,CUST-994,PROD-008,3,0.2
ORD-479,2025-07-18,2025-07-23,First Class,CUST-065,PROD-028,6,0.1
ORD-480,2025-04-03,2025-04-06,First Class,CUST-710,PROD-049,3,0.1
ORD-481,2025-08-22,2025-08-27,Third Class,CUST-252,PROD-039,1,0.1
ORD-482,2025-05-19,2025-05-20,Second Class,CUST-752,PROD-005,1,0.1
ORD-483,2025-09-20,2025-09-22,Same Day,CUST-849,PROD-060,8,0.2
ORD-484,2025-09-30,2025-10-05,Second Class,CUST-314,PROD-094,7,0.1
ORD-485,2025-05-08,2025-05-14,Third Class,CUST-965,PROD-012,6,0.1
ORD-486,2025-01-29,2025-02-02,First Class,CUST-041,PROD-044,6,0.1
ORD-487,2025-03-11,2025-03-13,Third Class,CUST-398,PROD-089,6,0.1
ORD-488,2025-09-18,2025-09-20,First Class,CUST-522,PROD-054,5,0
ORD-489,2025-06-03,2025-06-07,First Class,CUST-033,PROD-037,5,0.1
ORD-490,2025-07-27,2025-08-02,Same Day,CUST-107,PROD-013,2,0.2
ORD-491,2025-12-10,2025-12-13,Third Class,CUST-381,PROD-003,10,0
ORD-492,2025-08-03,2025-08-08,First Class,CUST-651,PROD-019,5,0
ORD-493,2025-09-26,2025-09-30,First Class,CUST-604,PROD-047,4,0.2
ORD-494,2025-01-25,2025-01-27,Second Class,CUST-967,PROD-066,3,0.2
ORD-495,2025-03-19,2025-03-24,Second Class,CUST-173,PROD-077,3,0
ORD-496,2025-11-24,2025-11-27,Same Day,CUST-767,PROD-096,7,0
ORD-497,2025-04-24,2025-04-25,Third Class,CUST-740,PROD-010,4,0
ORD-498,2025-10-13,2025-10-16,First Class,CUST-355,PROD-024,9,0.1
ORD-499,2025-08-07,2025-08-08,Third Class,CUST-078,PROD-050,2,0.1
ORD-500,2025-01-30,2025-01-31,Second Class,CUST-003,PROD-010,9,0.2
ORD-501,2025-11-01,2025-11-06,Second Class,CUST-331,PROD-099,10,0.1
ORD-502,2025-01-07,2025-01-08,Second Class,CUST-019,PROD-013,6,0.2
ORD-503,2025-09-19,2025-09-24,Second Class,CUST-096,PROD-094,4,0.2
ORD-504,2025-09-06,2025-09-07,Same Day,CUST-603,PROD-086,8,0
ORD-505,2025-05-04,2025-05-09,First Class,CUST-214,PROD-036,8,0.1
ORD-506,2025-03-25,2025-04-01,First Class,CUST-470,PROD-091,1,0.2
ORD-507,2025-03-21,2025-03-25,Same Day,CUST-189,PROD-030,5,0.2
ORD-508,2025-07-24,2025-07-25,First Class,CUST-757,PROD-083,4,0.1
ORD-509,2025-09-03,2025-09-06,First Class,CUST-884,PROD-065,1,0.2
ORD-510,2025-09-04,2025-09-09,Second Class,CUST-446,PROD-072,4,0.2
ORD-511,2025-07-19,2025-07-20,Same Day,CUST-444,PROD-065,1,0.2
ORD-512,2025-05-03,2025-05-09,First Class,CUST-189,PROD-021,4,0.1
ORD-513,2025-03-12,2025-03-13,Same Day,CUST-861,PROD-075,9,0
ORD-514,2025-04-12,2025-04-19,Same Day,CUST-590,PROD-049,3,0.1
ORD-515,2025-08-28,2025-09-04,Second Class,CUST-538,PROD-072,7,0.2
ORD-516,2025-05-03,2025-05-10,Third Class,CUST-533,PROD-014,2,0.2
ORD-517,2025-01-27,2025-01-28,Third Class,CUST-225,PROD-084,9,0
ORD-518,2025-08-30,2025-08-31,Third Class,CUST-458,PROD-055,2,0.2
ORD-519,2025-08-13,2025-08-14,Second Class,CUST-398,PROD-024,8,0.2
ORD-520,2025-05-07,2025-05-09,Third Class,CUST-745,PROD-038,6,0
ORD-521,2025-07-13,2025-07-15,Same Day,CUST-610,PROD-053,10,0.1
ORD-522,2025-10-31,2025-11-03,Same Day,CUST-787,PROD-012,5,0
ORD-523,2025-12-21,2025-12-28,Third Class,CUST-223,PROD-038,6,0
ORD-524,2025-06-05,2025-06-07,Third Class,CUST-735,PROD-052,1,0.2
ORD-525,2025-08-20,2025-08-27,Second Class,CUST-600,PROD-094,5,0.2
ORD-526,2025-11-29,2025-12-03,Third Class,CUST-653,PROD-005,4,0.2
ORD-527,2025-04-11,2025-04-17,Second Class,CUST-894,PROD-099,9,0
ORD-528,2025-12-23,2025-12-29,Same Day,CUST-176,PROD-012,2,0.2
ORD-529,2025-12-03,2025-12-10,Second Class,CUST-717,PROD-075,3,0
ORD-530,2025-06-29,2025-07-01,Third Class,CUST-128,PROD-024,3,0.1
ORD-531,2025-01-06,2025-01-07,Third Class,CUST-523,PROD-087,9,0.1
ORD-532,2025-01-15,2025-01-18,Second Class,CUST-301,PROD-022,9,0.1
ORD-533,2025-01-29,2025-02-01,First Class,CUST-037,PROD-009,5,0.1
ORD-534,2025-09-05,2025-09-10,Third Class,CUST-350,PROD-010,2,0
ORD-535,2025-03-16,2025-03-23,Second Class,CUST-100,PROD-089,8,0.2
ORD-536,2025-02-17,2025-02-24,Second Class,CUST-566,PROD-077,6,0
ORD-537,2025-12-22,2025-12-28,Third Class,CUST-197,PROD-065,8,0.1
ORD-538,2025-03-08,2025-03-15,First Class,CUST-918,PROD-047,8,0.2
ORD-539,2025-07-15,2025-07-16,Second Class,CUST-414,PROD-022,2,0
ORD-540,2025-11-28,2025-12-01,First Class,CUST-087,PROD-069,2,0.2
ORD-541,2025-03-16,2025-03-22,First Class,CUST-580,PROD-019,6,0
ORD-542,2025-01-28,2025-02-01,Second Class,CUST-771,PROD-080,1,0.1
ORD-543,2025-11-11,2025-11-18,Third Class,CUST-707,PROD-017,9,0.2
ORD-544,2025-02-22,2025-02-25,Third Class,CUST-200,PROD-049,3,0
ORD-545,2025-08-26,2025-09-01,Same Day,CUST-407,PROD-026,1,0.1
ORD-546,2025-01-30,2025-02-01,First Class,CUST-463,PROD-036,3,0.2
ORD-547,2025-12-24,2025-12-25,First Class,CUST-446,PROD-015,5,0.1
ORD-548,2025-11-18,2025-11-21,First Class,CUST-375,PROD-087,5,0
ORD-549,2025-11-03,2025-11-09,Second Class,CUST-351,PROD-004,10,0
ORD-550,2025-10-09,2025-10-11,Third Class,CUST-370,PROD-070,9,0.1
ORD-551,2025-12-10,2025-12-14,First Class,CUST-576,PROD-095,9,0
ORD-552,2025-12-10,2025-12-14,Second Class,CUST-366,PROD-029,4,0
ORD-553,2025-08-08,2025-08-15,First Class,CUST-285,PROD-009,10,0.1
ORD-554,2025-05-15,2025-05-22,Third Class,CUST-187,PROD-075,4,0.1
ORD-555,2025-01-02,2025-01-03,Second Class,CUST-433,PROD-092,4,0
ORD-556,2025-04-04,2025-04-06,Third Class,CUST-359,PROD-089,1,0.2
ORD-557,2025-02-08,2025-02-10,Second Class,CUST-825,PROD-098,7,0
ORD-558,2025-09-26,2025-09-29,Second Class,CUST-716,PROD-079,8,0.2
ORD-559,2025-07-23,2025-07-25,Third Class,CUST-983,PROD-076,6,0
ORD-560,2025-01-11,2025-01-15,Second Class,CUST-808,PROD-021,9,0.1
ORD-561,2025-01-04,2025-01-11,Second Class,CUST-381,PROD-010,6,0.1
ORD-562,2025-06-05,2025-06-12,First Class,CUST-402,PROD-012,10,0.1
ORD-563,2025-01-31,2025-02-05,First Class,CUST-871,PROD-025,6,0.1
ORD-564,2025-10-14,2025-10-20,Same Day,CUST-438,PROD-068,3,0.2
ORD-565,2025-04-18,2025-04-22,Second Class,CUST-820,PROD-051,10,0.2
ORD-566,2025-12-01,2025-12-06,Same Day,CUST-966,PROD-093,2,0.1
ORD-567,2025-03-11,2025-03-12,Same Day,CUST-898,PROD-037,3,0.1
ORD-568,2025-03-12,2025-03-13,Same Day,CUST-979,PROD-040,7,0.1
ORD-569,2025-07-28,2025-08-01,Same Day,CUST-291,PROD-080,8,0.2
ORD-570,2025-10-07,2025-10-08,Second Class,CUST-487,PROD-032,10,0.1
ORD-571,2025-11-01,2025-11-05,First Class,CUST-488,PROD-016,7,0.1
ORD-572,2025-06-13,2025-06-19,First Class,CUST-944,PROD-083,9,0.1
ORD-573,2025-05-16,2025-05-19,Second Class,CUST-017,PROD-054,8,0.2
ORD-574,2025-12-09,2025-12-10,Third Class,CUST-997,PROD-019,7,0.1
ORD-575,2025-10-28,2025-11-03,Second Class,CUST-629,PROD-098,8,0
ORD-576,2025-03-17,2025-03-22,Third Class,CUST-329,PROD-005,9,0.1
ORD-577,2025-05-01,2025-05-02,Same Day,CUST-363,PROD-038,2,0.2
ORD-578,2025-06-08,2025-06-13,Same Day,CUST-664,PROD-038,10,0.1
ORD-579,2025-08-30,2025-09-04,Second Class,CUST-831,PROD-047,6,0.1
ORD-580,2025-03-22,2025-03-23,First Class,CUST-784,PROD-066,3,0
ORD-581,2025-06-03,2025-06-04,Third Class,CUST-217,PROD-086,1,0
ORD-582,2025-09-21,2025-09-23,Second Class,CUST-299,PROD-066,6,0.1
ORD-583,2025-02-20,2025-02-27,Third Class,CUST-145,PROD-079,5,0.1
ORD-584,2025-01-01,2025-01-05,First Class,CUST-431,PROD-093,4,0.1
ORD-585,2025-08-21,2025-08-22,Same Day,CUST-419,PROD-019,2,0
ORD-586,2025-09-14,2025-09-16,First Class,CUST-021,PROD-081,7,0.2
ORD-587,2025-01-13,2025-01-16,First Class,CUST-189,PROD-076,3,0.1
ORD-588,2025-10-30,2025-11-02,First Class,CUST-907,PROD-088,5,0.1
ORD-589,2025-12-02,2025-12-09,First Class,CUST-655,PROD-091,6,0
ORD-590,2025-04-20,2025-04-26,Third Class,CUST-446,PROD-057,6,0
ORD-591,2025-08-22,2025-08-28,Second Class,CUST-638,PROD-088,2,0.1
ORD-592,2025-10-25,2025-10-29,Third Class,CUST-989,PROD-024,5,0.2
ORD-593,2025-07-17,2025-07-19,Second Class,CUST-739,PROD-083,10,0
ORD-594,2025-02-06,2025-02-07,First Class,CUST-317,PROD-066,5,0
ORD-595,2025-05-18,2025-05-24,Same Day,CUST-050,PROD-016,9,0
ORD-596,2025-05-25,2025-05-28,Third Class,CUST-141,PROD-008,7,0.2
ORD-597,2025-11-28,2025-11-29,Second Class,CUST-166,PROD-050,6,0
ORD-598,2025-12-24,2025-12-26,Same Day,CUST-741,PROD-054,5,0.2
ORD-599,2025-10-03,2025-10-05,Second Class,CUST-812,PROD-050,3,0
ORD-600,2025-03-17,2025-03-24,Third Class,CUST-635,PROD-089,7,0.1
ORD-601,2025-02-09,2025-02-14,Second Class,CUST-803,PROD-044,10,0.1
ORD-602,2025-08-10,2025-08-11,Third Class,CUST-896,PROD-053,3,0.1
ORD-603,2025-04-18,2025-04-23,Third Class,CUST-109,PROD-006,10,0.1
ORD-604,2025-06-04,2025-06-08,Second Class,CUST-303,PROD-047,7,0.1
ORD-605,2025-03-10,2025-03-13,Same Day,CUST-021,PROD-030,3,0
ORD-606,2025-08-09,2025-08-16,First Class,CUST-283,PROD-100,9,0.2
ORD-607,2025-10-09,2025-10-14,Same Day,CUST-181,PROD-008,9,0.2
ORD-608,2025-11-29,2025-11-30,First Class,CUST-241,PROD-092,8,0
ORD-609,2025-05-14,2025-05-21,First Class,CUST-503,PROD-004,10,0
ORD-610,2025-07-27,2025-08-02,Third Class,CUST-338,PROD-074,5,0
ORD-611,2025-02-15,2025-02-18,Second Class,CUST-598,PROD-033,4,0.1
ORD-612,2025-10-15,2025-10-22,Same Day,CUST-417,PROD-028,6,0
ORD-613,2025-04-14,2025-04-16,First Class,CUST-491,PROD-050,3,0
ORD-614,2025-02-01,2025-02-05,Second Class,CUST-203,PROD-036,8,0
ORD-615,2025-10-17,2025-10-19,Third Class,CUST-657,PROD-003,7,0.1
ORD-616,2025-12-15,2025-12-20,First Class,CUST-846,PROD-032,4,0.1
ORD-617,2025-03-07,2025-03-14,First Class,CUST-873,PROD-086,2,0
ORD-618,2025-09-20,2025-09-27,Same Day,CUST-549,PROD-028,8,0
ORD-619,2025-02-12,2025-02-14,Second Class,CUST-149,PROD-001,5,0.2
ORD-620,2025-03-18,2025-03-25,Third Class,CUST-031,PROD-048,9,0.1
ORD-621,2025-04-18,2025-04-24,Third Class,CUST-083,PROD-064,3,0.2
ORD-622,2025-07-03,2025-07-10,Same Day,CUST-938,PROD-054,9,0.2
ORD-623,2025-08-20,2025-08-26,First Class,CUST-937,PROD-071,1,0.1
ORD-624,2025-02-26,2025-02-27,Same Day,CUST-068,PROD-042,3,0.2
ORD-625,2025-02-03,2025-02-05,First Class,CUST-790,PROD-052,10,0.1
ORD-626,2025-04-15,2025-04-16,Second Class,CUST-033,PROD-052,4,0.1
ORD-627,2025-03-28,2025-04-02,Second Class,CUST-881,PROD-053,8,0.2
ORD-628,2025-12-15,2025-12-22,Second Class,CUST-975,PROD-009,9,0.2
ORD-629,2025-01-27,2025-02-01,First Class,CUST-877,PROD-037,10,0.1
ORD-630,2025-04-03,2025-04-04,Third Class,CUST-900,PROD-040,6,0.2
ORD-631,2025-09-15,2025-09-17,First Class,CUST-330,PROD-090,5,0.1
ORD-632,2025-08-09,2025-08-13,Same Day,CUST-900,PROD-060,5,0
ORD-633,2025-07-24,2025-07-29,Third Class,CUST-721,PROD-051,6,0.1
ORD-634,2025-01-20,2025-01-23,Third Class,CUST-250,PROD-065,2,0.2
ORD-635,2025-05-20,2025-05-21,First Class,CUST-939,PROD-075,4,0
ORD-636,2025-11-03,2025-11-08,Same Day,CUST-980,PROD-045,4,0.1
ORD-637,2025-04-09,2025-04-15,First Class,CUST-092,PROD-027,9,0
ORD-638,2025-07-25,2025-07-26,First Class,CUST-542,PROD-093,2,0.2
ORD-639,2025-02-01,2025-02-08,Third Class,CUST-401,PROD-003,3,0.1
ORD-640,2025-08-20,2025-08-25,Same Day,CUST-286,PROD-055,4,0.2
ORD-641,2025-08-07,2025-08-14,Same Day,CUST-666,PROD-041,4,0.1
ORD-642,2025-02-02,2025-02-03,Second Class,CUST-527,PROD-066,4,0
ORD-643,2025-08-08,2025-08-11,Same Day,CUST-913,PROD-028,1,0.1
ORD-644,2025-06-19,2025-06-21,Same Day,CUST-527,PROD-017,10,0.1
ORD-645,2025-10-12,2025-10-15,Third Class,CUST-864,PROD-057,2,0
ORD-646,2025-07-21,2025-07-25,Second Class,CUST-706,PROD-039,3,0
ORD-647,2025-08-05,2025-08-11,Third Class,CUST-658,PROD-041,8,0
ORD-648,2025-02-22,2025-02-24,Third Class,CUST-332,PROD-066,10,0.1
ORD-649,2025-05-08,2025-05-12,Same Day,CUST-712,PROD-088,5,0.1
ORD-650,2025-08-13,2025-08-18,First Class,CUST-198,PROD-024,9,0.1
ORD-651,2025-06-11,2025-06-13,Second Class,CUST-147,PROD-045,5,0.1
ORD-652,2025-09-11,2025-09-14,Same Day,CUST-834,PROD-001,3,0.1
ORD-653,2025-06-21,2025-06-28,Same Day,CUST-665,PROD-073,9,0
ORD-654,2025-12-24,2025-12-26,Third Class,CUST-595,PROD-038,8,0.1
ORD-655,2025-06-04,2025-06-10,Same Day,CUST-738,PROD-028,4,0
ORD-656,2025-12-21,2025-12-22,Second Class,CUST-939,PROD-049,8,0.2
ORD-657,2025-08-26,2025-09-02,Third Class,CUST-777,PROD-096,3,0.2
ORD-658,2025-06-24,2025-06-29,Second Class,CUST-078,PROD-097,8,0.2
ORD-659,2025-12-09,2025-12-15,Third Class,CUST-657,PROD-071,6,0.2
ORD-660,2025-12-05,2025-12-10,First Class,CUST-893,PROD-042,5,0
ORD-661,2025-12-24,2025-12-28,Third Class,CUST-126,PROD-019,9,0
ORD-662,2025-08-13,2025-08-15,Same Day,CUST-691,PROD-080,2,0
ORD-663,2025-08-30,2025-08-31,Second Class,CUST-360,PROD-011,7,0
ORD-664,2025-04-29,2025-05-02,First Class,CUST-878,PROD-021,3,0
ORD-665,2025-02-19,2025-02-24,First Class,CUST-158,PROD-065,5,0.2
ORD-666,2025-05-21,2025-05-23,Same Day,CUST-888,PROD-063,8,0
ORD-667,2025-02-19,2025-02-26,Second Class,CUST-385,PROD-099,7,0.2
ORD-668,2025-04-28,2025-05-01,Same Day,CUST-967,PROD-019,3,0
ORD-669,2025-12-22,2025-12-24,Second Class,CUST-410,PROD-014,2,0
ORD-670,2025-03-18,2025-03-23,Second Class,CUST-272,PROD-078,9,0.1
ORD-671,2025-12-31,2026-01-03,Same Day,CUST-814,PROD-053,9,0.2
ORD-672,2025-03-18,2025-03-20,Same Day,CUST-587,PROD-048,2,0.1
ORD-673,2025-06-04,2025-06-08,First Class,CUST-023,PROD-062,10,0
ORD-674,2025-11-11,2025-11-18,Same Day,CUST-436,PROD-050,10,0.1
ORD-675,2025-03-01,2025-03-02,Same Day,CUST-640,PROD-093,6,0
ORD-676,2025-10-16,2025-10-19,Same Day,CUST-663,PROD-064,3,0.2
ORD-677,2025-01-23,2025-01-30,Same Day,CUST-126,PROD-077,3,0.2
ORD-678,2025-11-22,2025-11-28,First Class,CUST-304,PROD-004,2,0.2
ORD-679,2025-05-23,2025-05-25,First Class,CUST-675,PROD-055,6,0.2
ORD-680,2025-04-24,2025-04-27,Third Class,CUST-737,PROD-095,6,0.1
ORD-681,2025-03-27,2025-04-02,Third Class,CUST-699,PROD-051,3,0.1
ORD-682,2025-07-24,2025-07-28,Second Class,CUST-582,PROD-049,6,0.2
ORD-683,2025-06-09,2025-06-15,Third Class,CUST-666,PROD-083,2,0
ORD-684,2025-11-11,2025-11-16,First Class,CUST-793,PROD-064,10,0.2
ORD-685,2025-10-27,2025-11-01,Third Class,CUST-780,PROD-072,3,0
ORD-686,2025-10-15,2025-10-19,First Class,CUST-587,PROD-091,9,0.2
ORD-687,2025-03-08,2025-03-14,Second Class,CUST-519,PROD-069,1,0.1
ORD-688,2025-02-13,2025-02-15,Second Class,CUST-232,PROD-040,4,0
ORD-689,2025-09-01,2025-09-07,Third Class,CUST-008,PROD-010,5,0.1
ORD-690,2025-07-05,2025-07-08,Second Class,CUST-273,PROD-100,2,0.2
ORD-691,2025-03-10,2025-03-13,Second Class,CUST-527,PROD-080,6,0.1
ORD-692,2025-11-15,2025-11-16,First Class,CUST-972,PROD-034,10,0.1
ORD-693,2025-02-10,2025-02-14,Third Class,CUST-757,PROD-043,8,0.2
ORD-694,2025-03-19,2025-03-26,Second Class,CUST-205,PROD-087,8,0
ORD-695,2025-07-21,2025-07-27,First Class,CUST-759,PROD-061,10,0
ORD-696,2025-09-07,2025-09-12,First Class,CUST-326,PROD-023,10,0.1
ORD-697,2025-12-20,2025-12-22,Third Class,CUST-120,PROD-047,3,0.2
ORD-698,2025-09-19,2025-09-25,Third Class,CUST-057,PROD-001,7,0.2
ORD-699,2025-08-29,2025-09-03,Third Class,CUST-832,PROD-046,5,0
ORD-700,2025-02-18,2025-02-21,First Class,CUST-170,PROD-026,1,0.2
ORD-701,2025-09-07,2025-09-13,Third Class,CUST-661,PROD-090,8,0.2
ORD-702,2025-01-09,2025-01-13,Second Class,CUST-883,PROD-083,4,0.1
ORD-703,2025-05-26,2025-05-27,Second Class,CUST-597,PROD-068,10,0
ORD-704,2025-05-22,2025-05-29,Same Day,CUST-916,PROD-058,8,0.1
ORD-705,2025-09-03,2025-09-06,Third Class,CUST-664,PROD-086,3,0.2
ORD-706,2025-12-07,2025-12-08,Third Class,CUST-762,PROD-014,3,0.1
ORD-707,2025-01-20,2025-01-23,First Class,CUST-426,PROD-094,9,0.1
ORD-708,2025-03-26,2025-03-28,Third Class,CUST-730,PROD-003,5,0.1
ORD-709,2025-08-29,2025-08-31,First Class,CUST-771,PROD-073,4,0
ORD-710,2025-12-12,2025-12-15,Second Class,CUST-189,PROD-036,6,0.2
ORD-711,2025-01-25,2025-01-26,Same Day,CUST-976,PROD-079,2,0.1
ORD-712,2025-03-15,2025-03-16,First Class,CUST-277,PROD-084,7,0.2
ORD-713,2025-10-17,2025-10-18,Third Class,CUST-952,PROD-017,3,0.2
ORD-714,2025-09-16,2025-09-23,First Class,CUST-161,PROD-008,3,0.1
ORD-715,2025-04-13,2025-04-18,Third Class,CUST-608,PROD-057,10,0
ORD-716,2025-05-01,2025-05-08,Third Class,CUST-263,PROD-050,2,0
ORD-717,2025-05-19,2025-05-20,Same Day,CUST-208,PROD-082,5,0.1
ORD-718,2025-05-11,2025-05-18,Same Day,CUST-094,PROD-038,5,0.2
ORD-719,2025-04-24,2025-04-29,Same Day,CUST-841,PROD-065,3,0
ORD-720,2025-08-08,2025-08-14,Third Class,CUST-903,PROD-024,9,0.1
ORD-721,2025-10-24,2025-10-26,Third Class,CUST-963,PROD-041,8,0.1
ORD-722,2025-03-16,2025-03-21,Second Class,CUST-730,PROD-099,10,0.1
ORD-723,2025-09-20,2025-09-21,Same Day,CUST-607,PROD-049,8,0
ORD-724,2025-02-21,2025-02-22,First Class,CUST-817,PROD-095,7,0.2
ORD-725,2025-02-24,2025-03-02,First Class,CUST-606,PROD-100,2,0.2
ORD-726,2025-02-17,2025-02-22,Second Class,CUST-216,PROD-024,5,0.2
ORD-727,2025-09-30,2025-10-02,First Class,CUST-620,PROD-067,7,0
ORD-728,2025-11-25,2025-11-27,Second Class,CUST-299,PROD-095,2,0
ORD-729,2025-07-27,2025-08-03,Third Class,CUST-992,PROD-038,7,0
ORD-730,2025-06-28,2025-07-05,Same Day,CUST-474,PROD-021,2,0
ORD-731,2025-12-30,2026-01-02,Third Class,CUST-766,PROD-070,3,0.2
ORD-732,2025-12-31,2026-01-01,Second Class,CUST-567,PROD-082,3,0
ORD-733,2025-03-24,2025-03-26,Third Class,CUST-367,PROD-043,7,0.2
ORD-734,2025-03-17,2025-03-22,Same Day,CUST-713,PROD-052,5,0.1
ORD-735,2025-05-31,2025-06-02,Second Class,CUST-928,PROD-031,7,0.1
ORD-736,2025-11-29,2025-12-02,Same Day,CUST-785,PROD-012,1,0
ORD-737,2025-07-25,2025-07-26,First Class,CUST-287,PROD-043,7,0.2
ORD-738,2025-09-11,2025-09-12,Same Day,CUST-781,PROD-016,5,0
ORD-739,2025-04-16,2025-04-21,Same Day,CUST-718,PROD-086,6,0
ORD-740,2025-12-01,2025-12-02,Second Class,CUST-002,PROD-073,2,0.2
ORD-741,2025-03-09,2025-03-14,Second Class,CUST-278,PROD-003,10,0.2
ORD-742,2025-05-14,2025-05-18,Same Day,CUST-818,PROD-012,7,0.1
ORD-743,2025-03-29,2025-04-04,Second Class,CUST-939,PROD-031,3,0.1
ORD-744,2025-07-20,2025-07-25,First Class,CUST-756,PROD-032,2,0.2
ORD-745,2025-08-26,2025-08-31,Second Class,CUST-468,PROD-066,6,0.2
ORD-746,2025-03-09,2025-03-12,First Class,CUST-810,PROD-015,1,0.2
ORD-747,2025-11-28,2025-12-03,Third Class,CUST-969,PROD-050,4,0
ORD-748,2025-08-19,2025-08-23,Second Class,CUST-256,PROD-057,9,0.1
ORD-749,2025-04-17,2025-04-22,Second Class,CUST-197,PROD-074,6,0
ORD-750,2025-05-25,2025-05-31,First Class,CUST-325,PROD-028,8,0
ORD-751,2025-12-22,2025-12-26,First Class,CUST-557,PROD-083,9,0.1
ORD-752,2025-01-18,2025-01-23,First Class,CUST-489,PROD-069,3,0
ORD-753,2025-11-19,2025-11-25,Third Class,CUST-518,PROD-094,5,0.2
ORD-754,2025-11-19,2025-11-20,Third Class,CUST-875,PROD-046,7,0
ORD-755,2025-07-16,2025-07-18,First Class,CUST-415,PROD-028,4,0
ORD-756,2025-02-28,2025-03-05,First Class,CUST-886,PROD-088,3,0.2
ORD-757,2025-04-11,2025-04-12,Third Class,CUST-518,PROD-073,7,0.2
ORD-758,2025-01-09,2025-01-11,First Class,CUST-461,PROD-017,8,0.1
ORD-759,2025-08-30,2025-09-06,Same Day,CUST-088,PROD-092,1,0.1
ORD-760,2025-08-04,2025-08-09,Third Class,CUST-074,PROD-079,8,0.2
ORD-761,2025-09-07,2025-09-10,Third Class,CUST-157,PROD-091,9,0
ORD-762,2025-11-06,2025-11-09,Third Class,CUST-332,PROD-037,6,0.1
ORD-763,2025-11-04,2025-11-06,Second Class,CUST-104,PROD-001,7,0.2
ORD-764,2025-09-24,2025-10-01,Same Day,CUST-950,PROD-042,1,0.2
ORD-765,2025-08-09,2025-08-14,Same Day,CUST-684,PROD-094,7,0.1
ORD-766,2025-12-15,2025-12-17,Second Class,CUST-840,PROD-021,10,0.1
ORD-767,2025-02-01,2025-02-08,Second Class,CUST-861,PROD-051,1,0.2
ORD-768,2025-01-08,2025-01-15,Third Class,CUST-982,PROD-007,6,0
ORD-769,2025-03-30,2025-04-04,Same Day,CUST-357,PROD-027,4,0.1
ORD-770,2025-11-14,2025-11-21,First Class,CUST-311,PROD-076,5,0
ORD-771,2025-08-11,2025-08-13,First Class,CUST-712,PROD-097,8,0.2
ORD-772,2025-01-14,2025-01-20,Second Class,CUST-621,PROD-036,8,0
ORD-773,2025-02-23,2025-02-27,Second Class,CUST-505,PROD-058,9,0.1
ORD-774,2025-07-28,2025-07-30,Same Day,CUST-360,PROD-034,5,0.1
ORD-775,2025-10-16,2025-10-18,First Class,CUST-532,PROD-087,6,0.1
ORD-776,2025-05-25,2025-05-30,Third Class,CUST-625,PROD-067,5,0.2
ORD-777,2025-11-11,2025-11-13,Third Class,CUST-302,PROD-043,1,0.1
ORD-778,2025-08-29,2025-09-05,Third Class,CUST-926,PROD-006,8,0
ORD-779,2025-12-20,2025-12-25,Second Class,CUST-182,PROD-062,4,0.2
ORD-780,2025-04-29,2025-05-02,Third Class,CUST-718,PROD-074,1,0.1
ORD-781,2025-03-26,2025-04-02,Third Class,CUST-682,PROD-083,7,0.1
ORD-782,2025-08-31,2025-09-02,First Class,CUST-607,PROD-095,5,0.2
ORD-783,2025-03-20,2025-03-24,Same Day,CUST-922,PROD-001,2,0.1
ORD-784,2025-06-12,2025-06-19,Second Class,CUST-672,PROD-003,3,0.1
ORD-785,2025-01-13,2025-01-20,First Class,CUST-480,PROD-009,9,0.1
ORD-786,2025-05-01,2025-05-03,Second Class,CUST-436,PROD-017,10,0.1
ORD-787,2025-09-04,2025-09-05,Same Day,CUST-284,PROD-028,2,0.1
ORD-788,2025-03-03,2025-03-04,Same Day,CUST-674,PROD-086,3,0.1
ORD-789,2025-07-08,2025-07-11,Second Class,CUST-155,PROD-056,5,0.2
ORD-790,2025-07-12,2025-07-17,Same Day,CUST-265,PROD-037,1,0.1
ORD-791,2025-11-23,2025-11-29,First Class,CUST-507,PROD-084,3,0.1
ORD-792,2025-04-13,2025-04-18,Third Class,CUST-125,PROD-080,3,0
ORD-793,2025-08-29,2025-09-03,Same Day,CUST-972,PROD-008,7,0.2
ORD-794,2025-07-16,2025-07-23,Same Day,CUST-802,PROD-054,4,0.1
ORD-795,2025-01-30,2025-02-06,First Class,CUST-380,PROD-004,5,0.2
ORD-796,2025-03-31,2025-04-04,Second Class,CUST-920,PROD-088,4,0.2
ORD-797,2025-08-09,2025-08-10,First Class,CUST-576,PROD-095,8,0
ORD-798,2025-08-08,2025-08-13,Third Class,CUST-218,PROD-017,3,0
ORD-799,2025-11-02,2025-11-05,Second Class,CUST-698,PROD-074,4,0
ORD-800,2025-01-25,2025-01-29,Same Day,CUST-250,PROD-004,4,0.1
ORD-801,2025-02-22,2025-02-24,First Class,CUST-304,PROD-030,10,0.2
ORD-802,2025-05-18,2025-05-25,Same Day,CUST-322,PROD-047,2,0.2
ORD-803,2025-03-10,2025-03-11,Third Class,CUST-335,PROD-018,5,0.2
ORD-804,2025-01-15,2025-01-22,First Class,CUST-295,PROD-030,4,0
ORD-805,2025-11-07,2025-11-09,Second Class,CUST-997,PROD-016,7,0
ORD-806,2025-03-16,2025-03-19,Third Class,CUST-526,PROD-069,8,0.2
ORD-807,2025-12-14,2025-12-20,Third Class,CUST-739,PROD-086,6,0.2
ORD-808,2025-07-17,2025-07-23,First Class,CUST-163,PROD-014,4,0.1
ORD-809,2025-07-21,2025-07-24,Second Class,CUST-767,PROD-079,5,0.2
ORD-810,2025-11-06,2025-11-13,First Class,CUST-150,PROD-059,4,0
ORD-811,2025-01-04,2025-01-05,First Class,CUST-868,PROD-058,2,0
ORD-812,2025-10-19,2025-10-20,Second Class,CUST-357,PROD-072,8,0.1
ORD-813,2025-12-15,2025-12-18,Second Class,CUST-944,PROD-034,10,0
ORD-814,2025-12-19,2025-12-23,Second Class,CUST-520,PROD-015,4,0
ORD-815,2025-01-20,2025-01-21,First Class,CUST-956,PROD-075,2,0.1
ORD-816,2025-11-30,2025-12-07,First Class,CUST-085,PROD-006,3,0.1
ORD-817,2025-12-10,2025-12-13,Third Class,CUST-440,PROD-096,5,0.1
ORD-818,2025-11-30,2025-12-05,Same Day,CUST-035,PROD-070,4,0.1
ORD-819,2025-04-23,2025-04-27,Third Class,CUST-540,PROD-074,10,0.2
ORD-820,2025-04-12,2025-04-17,Third Class,CUST-802,PROD-069,9,0
ORD-821,2025-04-18,2025-04-21,First Class,CUST-253,PROD-082,5,0.2
ORD-822,2025-05-30,2025-06-03,First Class,CUST-100,PROD-073,1,0.2
ORD-823,2025-03-12,2025-03-13,Same Day,CUST-906,PROD-017,1,0
ORD-824,2025-06-14,2025-06-16,Third Class,CUST-346,PROD-006,8,0.2
ORD-825,2025-01-12,2025-01-17,Same Day,CUST-416,PROD-100,3,0
ORD-826,2025-10-20,2025-10-24,Third Class,CUST-484,PROD-065,7,0.1
ORD-827,2025-10-30,2025-10-31,First Class,CUST-139,PROD-001,2,0.1
ORD-828,2025-04-16,2025-04-19,Same Day,CUST-336,PROD-090,2,0
ORD-829,2025-12-01,2025-12-05,First Class,CUST-531,PROD-026,10,0
ORD-830,2025-07-13,2025-07-16,Second Class,CUST-823,PROD-034,2,0
ORD-831,2025-01-07,2025-01-09,Third Class,CUST-670,PROD-042,6,0.2
ORD-832,2025-10-02,2025-10-07,Second Class,CUST-709,PROD-032,7,0.1
ORD-833,2025-10-20,2025-10-25,Same Day,CUST-309,PROD-011,1,0.1
ORD-834,2025-10-18,2025-10-21,First Class,CUST-797,PROD-080,6,0.1
ORD-835,2025-04-07,2025-04-11,Third Class,CUST-450,PROD-017,5,0
ORD-836,2025-07-01,2025-07-02,Second Class,CUST-093,PROD-067,1,0.2
ORD-837,2025-04-22,2025-04-23,Same Day,CUST-290,PROD-033,9,0
ORD-838,2025-04-20,2025-04-25,Second Class,CUST-777,PROD-059,5,0.2
ORD-839,2025-10-23,2025-10-30,Third Class,CUST-429,PROD-024,5,0.2
ORD-840,2025-10-17,2025-10-19,Same Day,CUST-794,PROD-021,1,0.2
ORD-841,2025-09-27,2025-10-02,Same Day,CUST-499,PROD-067,4,0
ORD-842,2025-03-06,2025-03-07,Second Class,CUST-936,PROD-023,1,0
ORD-843,2025-05-18,2025-05-25,First Class,CUST-898,PROD-043,4,0
ORD-844,2025-07-14,2025-07-20,Third Class,CUST-884,PROD-045,5,0
ORD-845,2025-07-06,2025-07-09,First Class,CUST-758,PROD-049,7,0.1
ORD-846,2025-07-03,2025-07-10,Same Day,CUST-588,PROD-082,6,0.1
ORD-847,2025-11-14,2025-11-17,Same Day,CUST-972,PROD-092,10,0.1
ORD-848,2025-08-02,2025-08-08,Same Day,CUST-910,PROD-030,3,0
ORD-849,2025-02-24,2025-03-02,First Class,CUST-185,PROD-037,10,0.1
ORD-850,2025-04-21,2025-04-23,Second Class,CUST-537,PROD-048,2,0.2
ORD-851,2025-06-29,2025-06-30,First Class,CUST-217,PROD-095,3,0.1
ORD-852,2025-04-17,2025-04-23,Third Class,CUST-940,PROD-072,7,0.2
ORD-853,2025-10-19,2025-10-26,First Class,CUST-732,PROD-053,8,0.2
ORD-854,2025-01-04,2025-01-11,First Class,CUST-065,PROD-019,6,0.1
ORD-855,2025-04-25,2025-04-28,Third Class,CUST-697,PROD-039,4,0.2
ORD-856,2025-09-27,2025-10-01,Same Day,CUST-232,PROD-065,9,0
ORD-857,2025-08-18,2025-08-21,Same Day,CUST-360,PROD-035,2,0
ORD-858,2025-07-20,2025-07-27,Third Class,CUST-443,PROD-091,9,0.1
ORD-859,2025-09-25,2025-09-26,Same Day,CUST-655,PROD-040,4,0.2
ORD-860,2025-05-28,2025-06-03,Third Class,CUST-618,PROD-077,2,0.2
ORD-861,2025-09-21,2025-09-26,First Class,CUST-522,PROD-039,1,0.2
ORD-862,2025-02-15,2025-02-16,Same Day,CUST-537,PROD-026,7,0.1
ORD-863,2025-03-09,2025-03-11,Third Class,CUST-324,PROD-081,9,0.2
ORD-864,2025-09-13,2025-09-14,Second Class,CUST-784,PROD-030,8,0.2
ORD-865,2025-05-30,2025-06-02,First Class,CUST-096,PROD-078,3,0
ORD-866,2025-08-24,2025-08-25,Same Day,CUST-491,PROD-024,3,0
ORD-867,2025-04-16,2025-04-23,First Class,CUST-132,PROD-055,7,0.2
ORD-868,2025-11-08,2025-11-13,Second Class,CUST-374,PROD-002,4,0
ORD-869,2025-11-16,2025-11-22,Second Class,CUST-775,PROD-026,5,0
ORD-870,2025-09-07,2025-09-12,Same Day,CUST-054,PROD-077,8,0.2
ORD-871,2025-05-26,2025-05-27,Same Day,CUST-478,PROD-013,10,0
ORD-872,2025-01-06,2025-01-13,Third Class,CUST-987,PROD-041,6,0
ORD-873,2025-10-24,2025-10-25,Third Class,CUST-722,PROD-052,4,0
ORD-874,2025-04-26,2025-04-28,Second Class,CUST-237,PROD-025,7,0.2
ORD-875,2025-12-04,2025-12-07,Third Class,CUST-717,PROD-026,6,0.1
ORD-876,2025-06-07,2025-06-12,Same Day,CUST-083,PROD-050,5,0.2
ORD-877,2025-11-01,2025-11-02,Same Day,CUST-601,PROD-099,1,0.2
ORD-878,2025-08-30,2025-08-31,Second Class,CUST-621,PROD-090,6,0.1
ORD-879,2025-08-28,2025-08-31,Second Class,CUST-149,PROD-053,3,0.2
ORD-880,2025-10-11,2025-10-12,Third Class,CUST-210,PROD-073,7,0.2
ORD-881,2025-12-06,2025-12-07,Same Day,CUST-679,PROD-084,1,0.2
ORD-882,2025-11-07,2025-11-11,First Class,CUST-840,PROD-066,9,0
ORD-883,2025-04-16,2025-04-17,Same Day,CUST-941,PROD-049,1,0
ORD-884,2025-05-07,2025-05-10,Second Class,CUST-740,PROD-024,6,0.1
ORD-885,2025-09-25,2025-10-02,Second Class,CUST-428,PROD-038,8,0.1
ORD-886,2025-11-05,2025-11-08,Same Day,CUST-456,PROD-020,6,0.1
ORD-887,2025-12-13,2025-12-14,Second Class,CUST-147,PROD-077,6,0.1
ORD-888,2025-10-04,2025-10-10,Same Day,CUST-222,PROD-025,3,0.1
ORD-889,2025-07-29,2025-08-04,First Class,CUST-730,PROD-057,1,0
ORD-890,2025-06-16,2025-06-20,Same Day,CUST-066,PROD-085,7,0
ORD-891,2025-06-01,2025-06-05,Same Day,CUST-355,PROD-047,8,0
ORD-892,2025-06-16,2025-06-19,Third Class,CUST-764,PROD-090,10,0.2
ORD-893,2025-09-16,2025-09-17,Third Class,CUST-621,PROD-049,9,0
ORD-894,2025-08-14,2025-08-16,Third Class,CUST-128,PROD-052,5,0.1
ORD-895,2025-12-13,2025-12-16,Same Day,CUST-661,PROD-095,10,0
ORD-896,2025-05-27,2025-06-01,Third Class,CUST-229,PROD-071,10,0.2
ORD-897,2025-03-16,2025-03-22,Same Day,CUST-415,PROD-036,9,0
ORD-898,2025-03-09,2025-03-10,Same Day,CUST-899,PROD-011,2,0.2
ORD-899,2025-06-11,2025-06-12,Third Class,CUST-376,PROD-053,8,0
ORD-900,2025-08-15,2025-08-17,Third Class,CUST-683,PROD-059,3,0.1
ORD-901,2025-03-29,2025-03-31,Third Class,CUST-271,PROD-056,7,0
ORD-902,2025-10-29,2025-11-04,First Class,CUST-846,PROD-056,4,0.2
ORD-903,2025-12-11,2025-12-14,First Class,CUST-040,PROD-001,7,0
ORD-904,2025-12-31,2026-01-07,Same Day,CUST-713,PROD-098,7,0
ORD-905,2025-06-10,2025-06-16,Same Day,CUST-310,PROD-029,3,0.2
ORD-906,2025-12-24,2025-12-28,Second Class,CUST-260,PROD-090,2,0
ORD-907,2025-01-26,2025-01-28,Second Class,CUST-421,PROD-049,10,0.2
ORD-908,2025-03-08,2025-03-14,Same Day,CUST-957,PROD-072,5,0
ORD-909,2025-10-28,2025-10-29,Third Class,CUST-770,PROD-021,4,0.1
ORD-910,2025-06-19,2025-06-26,Same Day,CUST-115,PROD-006,5,0.2
ORD-911,2025-10-10,2025-10-16,Same Day,CUST-345,PROD-056,4,0.1
ORD-912,2025-10-24,2025-10-27,Third Class,CUST-832,PROD-014,10,0
ORD-913,2025-08-14,2025-08-19,Second Class,CUST-984,PROD-080,8,0.2
ORD-914,2025-01-08,2025-01-10,First Class,CUST-779,PROD-018,4,0.1
ORD-915,2025-04-27,2025-04-28,Third Class,CUST-589,PROD-013,2,0.2
ORD-916,2025-09-16,2025-09-21,Third Class,CUST-002,PROD-073,3,0
ORD-917,2025-08-19,2025-08-23,First Class,CUST-592,PROD-068,6,0.1
ORD-918,2025-02-14,2025-02-16,Third Class,CUST-877,PROD-080,10,0.1
ORD-919,2025-09-17,2025-09-21,Second Class,CUST-810,PROD-073,6,0.1
ORD-920,2025-12-25,2026-01-01,Third Class,CUST-466,PROD-049,3,0.1
ORD-921,2025-08-08,2025-08-11,Third Class,CUST-159,PROD-099,8,0.1
ORD-922,2025-07-30,2025-08-04,Second Class,CUST-932,PROD-070,9,0.1
ORD-923,2025-03-16,2025-03-17,First Class,CUST-138,PROD-030,1,0.2
ORD-924,2025-01-26,2025-01-29,Third Class,CUST-531,PROD-066,6,0.1
ORD-925,2025-08-22,2025-08-28,Third Class,CUST-265,PROD-078,8,0.1
ORD-926,2025-09-29,2025-09-30,Same Day,CUST-563,PROD-080,6,0
ORD-927,2025-10-23,2025-10-29,Second Class,CUST-939,PROD-013,7,0
ORD-928,2025-10-25,2025-11-01,Same Day,CUST-040,PROD-013,10,0.1
ORD-929,2025-06-04,2025-06-10,Third Class,CUST-997,PROD-021,9,0
ORD-930,2025-09-30,2025-10-03,Second Class,CUST-220,PROD-087,6,0
ORD-931,2025-12-05,2025-12-06,Same Day,CUST-005,PROD-060,4,0.1
ORD-932,2025-04-01,2025-04-06,Third Class,CUST-611,PROD-033,9,0.1
ORD-933,2025-10-10,2025-10-16,Third Class,CUST-792,PROD-040,8,0.2
ORD-934,2025-04-15,2025-04-20,Third Class,CUST-881,PROD-075,8,0.2
ORD-935,2025-02-12,2025-02-19,Same Day,CUST-043,PROD-072,4,0
ORD-936,2025-10-21,2025-10-26,Third Class,CUST-654,PROD-065,7,0.2
ORD-937,2025-03-10,2025-03-12,Second Class,CUST-325,PROD-025,6,0.1
ORD-938,2025-10-31,2025-11-07,Third Class,CUST-682,PROD-003,6,0.1
ORD-939,2025-03-19,2025-03-23,Second Class,CUST-540,PROD-087,8,0
ORD-940,2025-06-20,2025-06-22,Second Class,CUST-686,PROD-018,4,0.1
ORD-941,2025-07-20,2025-07-21,Second Class,CUST-629,PROD-056,8,0.1
ORD-942,2025-08-16,2025-08-19,Same Day,CUST-929,PROD-014,10,0.1
ORD-943,2025-05-27,2025-06-03,Same Day,CUST-012,PROD-023,4,0.1
ORD-944,2025-01-21,2025-01-24,Same Day,CUST-964,PROD-030,10,0.1
ORD-945,2025-07-29,2025-08-01,Second Class,CUST-004,PROD-052,9,0.2
ORD-946,2025-02-12,2025-02-14,Second Class,CUST-290,PROD-092,8,0.1
ORD-947,2025-02-20,2025-02-27,Same Day,CUST-528,PROD-098,1,0.2
ORD-948,2025-10-25,2025-10-30,Third Class,CUST-856,PROD-011,6,0.1
ORD-949,2025-08-03,2025-08-06,Same Day,CUST-464,PROD-078,10,0
ORD-950,2025-02-27,2025-03-05,Second Class,CUST-825,PROD-041,5,0.2
ORD-951,2025-05-22,2025-05-26,Second Class,CUST-996,PROD-079,10,0
ORD-952,2025-02-15,2025-02-19,Third Class,CUST-555,PROD-040,7,0.2
ORD-953,2025-12-13,2025-12-20,Third Class,CUST-603,PROD-078,3,0.1
ORD-954,2025-10-11,2025-10-13,First Class,CUST-351,PROD-070,7,0.1
ORD-955,2025-01-17,2025-01-19,First Class,CUST-055,PROD-096,6,0
ORD-956,2025-11-08,2025-11-13,Same Day,CUST-047,PROD-048,9,0.1
ORD-957,2025-01-15,2025-01-22,First Class,CUST-178,PROD-084,4,0.2
ORD-958,2025-05-04,2025-05-10,Second Class,CUST-072,PROD-066,9,0.1
ORD-959,2025-08-02,2025-08-07,First Class,CUST-131,PROD-004,6,0.1
ORD-960,2025-03-10,2025-03-17,First Class,CUST-128,PROD-026,2,0
ORD-961,2025-07-11,2025-07-16,Third Class,CUST-560,PROD-065,8,0.1
ORD-962,2025-06-26,2025-06-29,First Class,CUST-108,PROD-046,9,0
ORD-963,2025-05-13,2025-05-17,Third Class,CUST-980,PROD-010,3,0.1
ORD-964,2025-07-09,2025-07-12,Same Day,CUST-032,PROD-078,3,0.1
ORD-965,2025-12-05,2025-12-11,Same Day,CUST-048,PROD-081,9,0
ORD-966,2025-12-08,2025-12-12,First Class,CUST-654,PROD-071,1,0
ORD-967,2025-08-23,2025-08-24,First Class,CUST-234,PROD-071,8,0.1
ORD-968,2025-12-11,2025-12-15,Third Class,CUST-673,PROD-079,7,0
ORD-969,2025-06-26,2025-06-27,Third Class,CUST-450,PROD-052,3,0.1
ORD-970,2025-06-10,2025-06-14,First Class,CUST-182,PROD-091,8,0.1
ORD-971,2025-09-28,2025-10-03,Same Day,CUST-526,PROD-080,5,0
ORD-972,2025-09-17,2025-09-24,Third Class,CUST-103,PROD-100,3,0
ORD-973,2025-08-22,2025-08-23,Third Class,CUST-685,PROD-035,10,0.2
ORD-974,2025-02-20,2025-02-22,Second Class,CUST-256,PROD-073,7,0
ORD-975,2025-08-14,2025-08-16,First Class,CUST-597,PROD-025,1,0
ORD-976,2025-12-15,2025-12-17,First Class,CUST-120,PROD-019,9,0
ORD-977,2025-01-17,2025-01-21,Second Class,CUST-760,PROD-082,10,0
ORD-978,2025-07-20,2025-07-26,Same Day,CUST-283,PROD-067,3,0
ORD-979,2025-10-13,2025-10-17,Third Class,CUST-995,PROD-013,3,0.1
ORD-980,2025-02-21,2025-02-22,First Class,CUST-254,PROD-061,10,0
ORD-981,2025-01-31,2025-02-01,First Class,CUST-387,PROD-043,10,0.1
ORD-982,2025-12-13,2025-12-20,Second Class,CUST-686,PROD-010,9,0
ORD-983,2025-07-10,2025-07-17,First Class,CUST-836,PROD-024,8,0
ORD-984,2025-02-14,2025-02-17,Same Day,CUST-099,PROD-065,7,0.2
ORD-985,2025-12-15,2025-12-16,Third Class,CUST-496,PROD-010,5,0.2
ORD-986,2025-01-10,2025-01-12,Same Day,CUST-412,PROD-030,4,0.2
ORD-987,2025-12-21,2025-12-25,Second Class,CUST-882,PROD-079,3,0.2
ORD-988,2025-07-12,2025-07-19,First Class,CUST-221,PROD-003,4,0
ORD-989,2025-09-19,2025-09-20,Same Day,CUST-497,PROD-041,6,0.2
ORD-990,2025-03-07,2025-03-12,Third Class,CUST-566,PROD-044,10,0.2
ORD-991,2025-01-10,2025-01-11,Second Class,CUST-239,PROD-020,5,0.1
ORD-992,2025-07-01,2025-07-06,Same Day,CUST-913,PROD-097,2,0.2
ORD-993,2025-01-21,2025-01-26,Same Day,CUST-214,PROD-074,4,0.1
ORD-994,2025-08-18,2025-08-23,Same Day,CUST-053,PROD-092,10,0.2
ORD-995,2025-02-23,2025-02-27,Same Day,CUST-978,PROD-036,7,0.2
ORD-996,2025-05-20,2025-05-23,Third Class,CUST-613,PROD-086,3,0.1
ORD-997,2025-11-10,2025-11-12,First Class,CUST-540,PROD-034,6,0.2
ORD-998,2025-08-19,2025-08-21,First Class,CUST-362,PROD-007,5,0.2
ORD-999,2025-03-21,2025-03-28,Same Day,CUST-205,PROD-020,8,0
ORD-1000,2025-02-15,2025-02-22,Third Class,CUST-976,PROD-014,1,0.2
